Field,Pre-STROBE (%),Post-STROBE (%),Change (pp),Chi-square,P-value
Confidence Interval,88.4,96.1,7.7,272.52900502017616,3.19e-61
P Value,37.3,50.2,12.9,154.17640326566985,2.12e-35
Direction,81.0,89.2,8.2,144.26750951755298,3.11e-33
Or,38.0,53.4,15.4,217.83358952364225,2.68e-49
Beta,24.1,14.1,-9.9,169.97252687991354,7.50e-39
